<?xml version="1.0" encoding="UTF-8"?>

<mule xmlns:ee="http://www.mulesoft.org/schema/mule/ee/core" xmlns:http="http://www.mulesoft.org/schema/mule/http"
	xmlns="http://www.mulesoft.org/schema/mule/core"
	xmlns:doc="http://www.mulesoft.org/schema/mule/documentation" xmlns:xsi="http://www.w3.org/2001/XMLSchema-instance" xsi:schemaLocation="http://www.mulesoft.org/schema/mule/core http://www.mulesoft.org/schema/mule/core/current/mule.xsd
http://www.mulesoft.org/schema/mule/http http://www.mulesoft.org/schema/mule/http/current/mule-http.xsd
http://www.mulesoft.org/schema/mule/ee/core http://www.mulesoft.org/schema/mule/ee/core/current/mule-ee.xsd">
	<http:listener-config name="HTTP_Listener_config" doc:name="HTTP Listener config" doc:id="c5afb901-550e-4af6-be01-bd1661ffbe04" >
		<http:listener-connection host="0.0.0.0" port="8081" />
	</http:listener-config>
	<http:request-config name="HTTP_Request_configuration" doc:name="HTTP Request configuration" doc:id="352b8ac3-3bd4-4dee-965d-6cc40e22386f" basePath="/api/" >
		<http:request-connection host="worldtimeapi.org" port="80" />
	</http:request-config>
	<flow name="error_demoFlow" doc:id="064339d2-5b43-425e-a45c-566426e48a02" >
		<http:listener doc:name="Listener" doc:id="efddf484-d766-4d3d-a886-458adebfeee6" config-ref="HTTP_Listener_config" path="/{region}/{city}">
			<http:error-response >
				<http:body ><![CDATA[#[output text/plain --- 
payload]]]></http:body>
			</http:error-response>
		</http:listener>
		<logger level="INFO" doc:name="Logger" doc:id="3e5b5c46-72be-40c8-b987-59099834c8ed" message="#[(attributes.uriParams.region default '') ++ (attributes.uriParams.city default '')]"/>
		<http:request method="GET" doc:name="Request" doc:id="b5bcc2a1-ff8a-4218-a01e-0433ab73c296" config-ref="HTTP_Request_configuration" path="/{region}/{city}">
			<http:uri-params ><![CDATA[#[output application/java
---
{
   region: attributes.uriParams.region,
   city: attributes.uriParams.city
   
}]]]></http:uri-params>
		</http:request>
		<logger level="INFO" doc:name="Logger" doc:id="1cc42066-ac3a-4f75-a00f-9cf140075430" message="End of flow"/>
		<error-handler >
			<on-error-continue enableNotifications="true" logException="true" doc:name="On Error Continue" doc:id="04aa8e89-fc04-4ecc-b670-9c24bd059956" type="HTTP:NOT_FOUND">
				<ee:transform doc:name="Transform Message" doc:id="f88f8000-bd4a-4fdb-bc0d-58ccc798d5bd" >
					<ee:message >
						<ee:set-payload ><![CDATA[%dw 2.0
output application/json
---
{
	message:"error reported".error.description
	}]]></ee:set-payload>
					</ee:message>
				</ee:transform>
			</on-error-continue>
		</error-handler>
	</flow>
</mule>
